{"cameraMode":{"drawMode":0,"name":"Shaded","section":"Shading Mode"},"sceneLighting":false,"audioPlay":false,"sceneViewState":{"m_AlwaysRefresh":false,"showFog":true,"showSkybox":false,"showFlares":true,"showImageEffects":true,"showParticleSystems":true,"showVisualEffectGraphs":true,"m_FxEnabled":true},"in2DMode":false,"pivot":{"x":-9.756309509277344,"y":1.2858399152755738,"z":22.81830406188965},"rotation":{"x":0.026486750692129136,"y":-0.9650236368179321,"z":0.10756100714206696,"w":0.2376735806465149},"size":0.6123724579811096,"orthographic":false}